label,value
Any Category,
3D printing service,1929
Aboriginal and Torres Strait Islander organisation,2499
Aboriginal art gallery,2700
Abortion clinic,2912
Abrasives supplier,1845
Academic department,3066
Açaí shop,3137
Accountant,619
Accounting,2236
Accounting firm,768
Accounting school,3360
Acoustical consultant,2342
Acrylic store,2365
Acupuncture clinic,1022
Acupuncture school,2359
Acupuncturist,690
Acura dealer,2748
Adaptive sports center,2767
Addiction treatment center,115
Adhesives and glue supplier,2693
Administrative attorney,3031
Adoption agency,1559
Adult day care center,1046
Adult DVD store,2586
Adult education school,1572
Adult entertainment club,947
Adult entertainment store,1552
Adult foster care service,1879
Adventure sports center,1079
Advertising,3443
Advertising agency,45
Advertising service,1672
Aerated drinks supplier,3529
Aerial photographer,1504
Aerial sports center,1261
Aerobics instructor,2860
Aeromodel shop,1942
Aeronautical engineer,1365
Aerospace company,1277
Afghan restaurant,1452
African goods store,1751
African restaurant,2494
After school program,1078
After-school programme,3574
Aged care,755
Aggregate supplier,2529
Agricultural association,3001
Agricultural cooperative,1316
Agricultural engineer,1937
Agricultural machinery manufacturer,795
Agricultural organization,240
Agricultural product wholesaler,294
Agricultural production,801
Agricultural Seed Store,3499
Agricultural service,1257
Agrochemicals supplier,2101
Aikido club,3497
Aikido school,2762
Air ambulance service,285
Air compressor repair service,1955
Air compressor supplier,2665
Air conditioning contractor,457
Air conditioning repair service,458
Air conditioning store,986
Air conditioning system supplier,1040
Air duct cleaning service,819
Air filter supplier,2704
Air taxi,1943
Airbrushing service,3220
Airbrushing supply store,1574
Aircraft dealer,3236
Aircraft maintenance company,1674
Aircraft manufacturer,666
Aircraft rental service,1505
Aircraft supply store,130
Airline,2362
Airline ticket agency,33
Airplane,2332
Airport,1525
Airport shuttle service,291
Airsoft supply store,2968
Alcohol manufacturer,2831
Alcoholic beverage wholesaler,839
Alcoholism treatment program,1184
Allergist,2611
Alternative medicine,2733
Alternative medicine clinic,3307
Alternative medicine practitioner,51
Aluminum frames supplier,1318
Aluminum supplier,1539
Aluminum welder,1538
Aluminum window,1130
Amateur theater,3438
Ambulance service,224
American football field,3480
American grocery store,2553
American restaurant,163
Ammunition supplier,2154
Amusement center,660
Amusement machine supplier,3286
Amusement park,2932
Amusement park ride,3514
Amusement ride supplier,2535
Andhra restaurant,3306
Anesthesiologist,1182
Anglican church,1321
Animal control service,1962
Animal feed store,812
Animal hospital,588
Animal protection organization,1335
Animal rescue service,184
Animal shelter,2132
Animals,1796
Animation studio,1446
Antenna service,3358
Antique furniture restoration service,543
Antique furniture store,1904
Antique store,1068
Apartment,3186
Apartment building,640
Apartment complex,655
Apartment rental agency,244
Apartments,3316
Apostolic church,60
Apparel company,2232
Appliance parts supplier,1039
Appliance rental service,517
Appliance repair service,1085
Appliance Shop,1324
Appliance store,74
Appliances customer service,2543
Appraiser,937
Apprenticeship center,2051
Aquarium,799
Aquarium shop,476
Aquatic center,1831
Arab restaurant,2093
Arboretum,2775
Arborist service,119
Archaeological museum,3201
Archaeological site,3457
Archery club,3090
Archery range,2707
Archery store,2706
Architect,335
Architectural and engineering model maker,1714
Architectural designer,668
Architectural salvage store,3296
Architecture firm,669
Arena,1750
Argentinian restaurant,1950
Armed forces association,3474
Armenian restaurant,1988
Army,2897
Army & navy surplus shop,2898
Army museum,3275
Aromatherapy service,1849
Aromatherapy supply store,897
Art,2230
Art cafe,2118
Art center,1114
Art dealer,1270
Art gallery,306
Art museum,1471
Art restoration service,3185
Art school,1256
Art studio,103
Art supply store,2394
Artificial plant supplier,2034
Artist,48
Artistic handicrafts,1670
Arts and crafts,2813
Arts organization,420
Asbestos testing service,1075
Ashram,2645
Asian fusion restaurant,579
Asian grocery store,1637
Asian household goods store,3408
Asian restaurant,890
Asphalt contractor,945
Asphalt mixing plant,3205
Assemblies of God church,2216
Assistante maternelle,3013
Assisted living facility,1352
Association / Organization,82
Astrologer,1052
Athletic club,1119
Athletic field,2437
Athletic park,3167
Athletic Sports Club,3488
Athletics field,1377
ATM,634
Attorney,532
Attorney referral service,2773
Attraction,3219
ATV dealer,435
ATV rental service,785
ATV repair shop,631
Auction house,1390
Audi dealer,2749
Audio visual consultant,1092
Audio visual equipment repair service,142
Audio visual equipment supplier,143
Audiologist,1180
Audiovisual equipment rental service,2763
Auditor,1175
Auditorium,2980
Australian goods store,3434
Australian restaurant,3491
Authentic Japanese restaurant,3287
Auto Accessories Store,3349
Auto accessories wholesaler,131
Auto air conditioning service,14
Auto auction,1763
Auto body parts supplier,2182
Auto body shop,527
Auto bodywork mechanic,323
Auto broker,1464
Auto care products store,780
Auto chemistry shop,3303
Auto dent removal service,1434
Auto electrical service,15
Auto glass repair service,2646
Auto glass shop,449
Auto insurance agency,1031
Auto machine shop,778
Auto market,1437
Auto painting,1301
Auto parts manufacturer,1671
Auto parts market,1529
Auto parts store,616
Auto radiator repair service,1530
Auto repair shop,13
Auto restoration service,1302
Auto spring shop,1918
Auto sunroof shop,2609
Auto tag agency,2083
Auto tune up service,832
Auto upholsterer,2115
Auto window tinting service,1497
Auto wrecker,268
Automation company,455
Automobile storage facility,2820
Aviation,3141
Aviation consultant,701
Aviation training institute,1675
Awning supplier,2283
Ayurvedic clinic,1580
Baby clothing store,763
Baby store,1129
Baby swimming school,3184
Babysitter,3557
Back office,3133
Backpacker Hostel,3496
Badminton club,3369
Badminton court,2902
Bag shop,648
Bagel shop,1605
Bail bonds service,1571
Bait shop,2456
Bakery,61
Bakery and Cake Shop,3478
Bakery equipment,1665
Baking supply store,2682
Balinese restaurant,3424
Ballet school,1288
Balloon artist,1066
Balloon ride tour agency,3086
Balloon store,681
Ballroom,2377
Ballroom dance instructor,1445
Band,969
Bangladeshi restaurant,3037
Bangle Shop,3145
Bank,2015
Banking and finance,3061
Banking entrance coaching center,2596
Bankruptcy attorney,906
Bankruptcy service,950
Banner store,497
Banquet hall,1496
Baptist church,72
Bar,59
Bar & grill,821
Bar PMU,3578
Bar restaurant furniture store,972
Bar stool supplier,2605
Barbecue area,2525
Barbecue restaurant,481
Barber school,2243
Barber shop,7
Barber supply store,686
Bariatric surgeon,2715
Bark supplier,3273
Barrel supplier,2171
Barrister,2276
Bartending school,1543
Bartending service,1542
Baseball,1567
Baseball club,1233
Baseball field,2452
Baseball goods store,3067
Basket supplier,3246
Basketball club,194
Basketball court,1877
Basque restaurant,3043
Bathroom remodeler,125
Bathroom supply store,387
Batik clothing store,3235
Battery manufacturer,3548
Battery store,1683
Battery wholesaler,2531
Batting cage center,2555
Bazar,3359
Beach,1867
Beach cleaning service,1899
Beach clothing store,2306
Beach club,3088
Beach entertainment shop,2597
Beach pavillion,2920
Beach volleyball court,3304
Bead store,2473
Bead wholesaler,2944
Bearing supplier,2299
Beautician,1903
Beauty,2827
Beauty Parlour,3290
Beauty product supplier,574
Beauty products vending machine,3150
Beauty products wholesaler,155
Beauty salon,278
Beauty school,575
Beauty supply store,156
Bed & breakfast,42
Bed shop,2539
Bedding store,366
Bedroom furniture store,1576
Beds,2739
Beer distributor,2612
Beer garden,1788
Beer hall,2032
Beer store,720
Belgian restaurant,3176
Belt shop,2568
Berufsfachschule (vocational school with apprenticeship),3559
Betting agency,2857
Beverage distributor,2246
Bicycle club,2584
Bicycle rack,3000
Bicycle rental service,1873
Bicycle repair shop,1872
Bicycle Shop,1614
Bicycle store,1969
Bicycle wholesaler,2934
Bike sharing station,2683
Bilingual school,2513
Billiards supply store,1338
Bingo hall,2150
Biofeedback therapist,1524
Biotechnology company,1163
Bird control service,3305
Bird shop,2176
Bird watching area,2865
Birth center,2178
Birth control center,2649
Biryani restaurant,3027
Bistro,394
Blacksmith,2585
Blast cleaning service,1900
Blinds shop,2099
Blinds supplier,3103
Blood donation center,2894
Blood testing service,1521
Blueprint service,1775
BMW dealer,2750
BMW motorcycle dealer,3415
BMX venue,2506
Board game club,2318
Board of education,2973
Boarding house,1442
Boarding school,2640
Boat accessories supplier,2
Boat builders,2557
Boat cleaning service,2255
Boat club,2659
Boat cover supplier,2284
Boat dealer,727
Boat detailing service,1629
Boat ramp,1938
Boat rental service,1360
Boat repair shop,241
Boat storage facility,1527
Boat tour agency,698
Boat trailer dealer,2465
Boating instructor,1417
Bocce ball court,2592
Bodega,2625
Body arts,3463
Body piercing shop,1393
Body shaping class,1098
Boiler manufacturer,2501
Boiler supplier,2723
Bonsai plant supplier,3261
Book publisher,1093
Book store,528
Bookbinder,1928
Bookkeeping service,815
Books wholesaler,2931
Boot camp,2387
Boot repair shop,1801
Boot store,2325
Botanical garden,2806
Bottle & can redemption center,2035
Bottled water supplier,1018
Bouncy castle hire,1371
Boutique,168
Bowling alley,2107
Bowling club,3423
Box lunch supplier,1219
Boxing club,1878
Boxing gym,1245
Boys' high school,3094
Boys' hostel,1395
BPO company,2660
BPO placement agency,1526
Brake shop,740
Branding agency,733
Brasserie,2858
Brazilian restaurant,2560
Breakfast restaurant,62
Breeding,2701
Brewery,333
Brewing supply store,840
Brewpub,2017
Brick manufacturer,2155
Bricklayer,766
Bridal shop,705
Bridge,2106
Bridge club,3357
British restaurant,2672
Brunch restaurant,580
Bubble tea store,1403
Buddhist supplies store,3058
Buddhist temple,2521
Budget Japanese inn,2656
Buffet restaurant,1337
Buick dealer,3441
Builder,2423
Building,3517
Building consultant,1095
Building designer,1096
Building equipment hire service,3181
Building firm,656
Building inspector,1176
Building materials market,1813
Building materials store,946
Building materials supplier,1038
Building restoration service,1465
Building society,3470
Bungee jumping center,3310
Burglar alarm store,802
Burrito restaurant,1624
Bus charter,1368
Bus company,908
Bus station,2742
Bus ticket agency,2930
Bus tour agency,560
Business administration service,1117
Business attorney,2277
Business banking service,2887
Business broker,782
Business center,349
Business development service,337
Business management consultant,338
Business networking company,636
Business park,1029
Business related,1555
Business school,1187
Business to business service,339
Butcher shop,49
Butcher shop deli,2647
Cabaret club,1746
Cabin rental agency,1799
Cabinet maker,126
Cabinet store,386
Cable company,1717
Cadillac dealer,3556
Cafe,123
Cafeteria,63
Cajun restaurant,1931
Cake decorating equipment shop,2852
Cake shop,752
Californian restaurant,1951
Call center,348
Calligraphy lesson,2807
Cambodian restaurant,3295
Camera repair shop,2962
Camera store,1334
Campground,966
Camping cabin,273
Camping farm,2237
Camping Ground,3490
Camping store,1513
Canadian restaurant,3475
Cancer treatment center,2618
Candle store,529
Candy store,682
Cane furniture store,3454
Cannabis club,2097
Cannabis store,722
Cannery,3161
Canoe & kayak rental service,922
Canoe & kayak store,1793
Canoe & kayak tour agency,1794
Canoe and kayak club,2833
Canoeing area,3272
Cantabrian restaurant,3540
Cantonese restaurant,3396
Capoeira school,1264
Capsule hotel,3555
Car accessories store,822
Car alarm supplier,1141
Car battery store,1531
Car dealer,134
Car detailing service,718
Car factory,2512
Car finance and loan company,1508
Car inspection station,2240
Car leasing service,1441
Car manufacturer,1642
Car racing venue,2381
Car rental agency,1379
Car repair and maintenance service,324
Car security system installer,2561
Car sharing location,2621
Car stereo store,1607
Car wash,571
Cardiologist,1583
Cardiovascular and thoracic surgeon,3468
Care services,1713
Career guidance service,1083
Caribbean restaurant,1790
Carnival club,3576
Carpenter,107
Carpet cleaning service,400
Carpet Fitter,3293
Carpet installer,767
Carpet manufacturer,2890
Carpet Retail Shop,3292
Carpet store,1303
Carpet wholesaler,1924
Carpooling location,2548
Carport and pergola builder,1042
Carriage ride service,1234
Cars,1859
Cash and carry wholesaler,1814
Casino,2546
Castilian restaurant,3533
Castle,3227
Cat boarding service,2916
Cat breeder,2393
Cat cafe,3330
Cat trainer,3471
Catalonian restaurant,3431
Caterer,202
Catering,1610
Catering equipment rental service,3257
Catering food and drink supplier,1166
Cathedral,2336
Catholic cathedral,2335
Catholic church,1354
Catholic school,1619
Cattery,1810
Cattle farm,1380
Caucasian restaurant,3403
CBSE school,1921
CD store,2061
Cell phone accessory store,514
Cell phone charging station,2071
Cell phone store,283
Cement manufacturer,2794
Cement supplier,1865
Cemetery,1515
Central American restaurant,2273
Central bank,3348
Ceramic manufacturer,406
Ceramics,3416
Ceramics wholesaler,407
Certification agency,1333
Certified public accountant,659
Chalet,3206
Chamber of Commerce,361
Chapel,2398
Charcuterie,754
Charity,601
Charter school,621
Chartered accountant,3006
Chauffeur service,269
Check cashing service,3146
Cheese manufacturer,3541
Cheese shop,1864
Cheesesteak restaurant,2233
Chemical engineering service,702
Chemical Exporter,3502
Chemical industry,915
Chemical manufacturer,1366
Chemical plant,2517
Chemical wholesaler,471
Chemistry lab,1655
Chess instructor,3442
Chevrolet dealer,1990
Chicken restaurant,1609
Chicken shop,1135
Chicken wings restaurant,1404
Child care agency,396
Child health care center,19
Child psychiatrist,3450
Child psychologist,830
Childbirth class,605
Childminder,223
Children hall,3143
Children Policlinic,3163
Children's amusement center,1982
Children's book store,1298
Children's cafe,2175
Children's camp,398
Children's clothing store,326
Children's club,1317
Children's furniture store,1372
Children's home,2791
Children's hospital,1684
Children's library,2808
Children's party buffet,3277
Children's party service,770
Children's store,1519
Children's theater,3015
Chimney services,1192
Chimney sweep,1833
Chinaware store,1313
Chinese bakery,2855
Chinese language school,2799
Chinese medicine clinic,1025
Chinese noodle restaurant,2418
Chinese restaurant,818
Chinese takeaway,2073
Chiropractor,432
Chocolate artisan,2708
Chocolate cafe,3204
Chocolate factory,2636
Chocolate shop,683
Choir,1882
Chophouse restaurant,2269
Christian book store,615
Christian church,784
Christmas store,491
Christmas tree farm,1329
Chrysler dealer,2977
Church,177
Church of Christ,175
Church of Jesus Christ of Latter-day Saints,3199
Church of the Nazarene,1786
Church supply store,2875
Churreria,2527
Cider bar,2110
Cider mill,3266
Cig kofte restaurant,2869
Cigar shop,1293
Cinema equipment supplier,1958
Circus,2591
Citizen information bureau,3014
Citroen dealer,2064
City clerk's office,3337
City department of transportation,3111
City government office,2321
City Hall,1351
City or town hall,3544
City tax office,1470
Civic center,2351
Civil defense,1271
Civil engineer,1127
Civil engineering company,1300
Civil examinations academy,3430
Civil law attorney,1548
Classified ads newspaper publisher,1004
Cleaners,295
Cleaning products supplier,196
Cleaning service,79
Cleaning Services,3516
Clergyman,2685
Clock repair service,2845
Closed circuit television,2186
Clothes and fabric manufacturer,650
Clothes and fabric wholesaler,2847
Clothes market,1947
Clothing Accessories Store,1740
Clothing alteration service,651
Clothing manufacturer,1727
Clothing Shop,2129
Clothing store,17
Clothing supplier,652
Clothing wholesale market place,2249
Clothing wholesaler,41
Club,962
Co-ed school,1467
Coach and minibus hire,2142
Coaching center,411
Coaching service,804
Cocktail bar,891
Coffee machine supplier,1414
Coffee roastery,1545
Coffee shop,116
Coffee stand,1422
Coffee store,206
Coffee vending machine,2872
Coffee wholesaler,1546
Coffin supplier,3433
Coin dealer,1968
Cold cut store,2960
Cold storage facility,1779
Collectibles store,1069
College,289
College of agriculture,2774
Colombian restaurant,1478
Combined primary and secondary school,1578
Comedy club,1631
Comic book store,1149
Commercial agent,1486
Commercial photographer,1391
Commercial printer,108
Commercial real estate agency,245
Commercial real estate inspector,851
Commercial refrigerator supplier,1666
Communications tower,3100
Community center,630
Community college,2027
Community garden,1620
Community health center,1550
Community school,2158
Company,1260
Company registry,1691
Computer accessories store,391
Computer club,2933
Computer consultant,152
Computer desk store,3237
Computer hardware manufacturer,1721
Computer networking service,193
Computer rental agency,3172
Computer repair service,153
Computer security service,1996
Computer service,786
Computer software store,1230
Computer store,390
Computer support and services,894
Computer training school,1361
Computer wholesaler,968
Computers,2823
Concert hall,2183
Concrete contractor,757
Concrete factory,2559
Concrete product supplier,1242
Condiments supplier,1815
Condominium complex,1315
Condominium rental agency,641
Confectionery store,2642
Confectionery wholesaler,2877
Conference center,2111
Congregation,3022
Conservative synagogue,2803
Conservatory of music,3170
Consignment shop,1812
Construction,1588
Construction company,26
Construction equipment supplier,1429
Construction machine dealer,507
Construction machine rental service,2286
Construction material wholesaler,1386
Consultant,100
Consumer advice center,2113
Contact lenses supplier,591
Container service,2391
Container supplier,2172
Containers supplier,2209
Continental restaurant,1777
Contractor,55
Convenience store,736
Convent,2954
Convention center,3028
Conveyancer,3383
Cookie shop,2538
Cooking class,1544
Cooking school,1132
Cooling plant,1086
Copier repair service,3229
Copper supplier,3123
Coppersmith,2462
Copy shop,1700
Copying supply store,1682
Copywriting service,2367
Corporate campus,2798
Corporate gift supplier,1472
Corporate office,52
Cosmetic dentist,534
Cosmetic products manufacturer,562
Cosmetic surgeon,2211
Cosmetics industry,157
Cosmetics store,154
Cosmetics wholesaler,158
Cost accounting service,3190
Costume jewelry shop,1196
Costume rental service,2606
Costume store,1348
Cottage,1907
Cottage rental,1292
Cottage village,1151
Cotton mill,1832
Council,1622
Counsellor,568
Counselor,70
Countertop contractor,1621
Countertop store,712
Country club,2082
Country food restaurant,2800
Country house,1861
Country park,3285
County government office,1015
Courier service,1112
Court executive officer,2552
Coworking space,1725
Crab house,2854
Craft,3550
Craft store,753
Cramming school,2374
Crane dealer,3108
Crane rental agency,2792
Crane service,2130
Craniosacral therapy,1240
Credit counseling service,1453
Credit reporting agency,2350
Credit union,221
Cremation Ground,3527
Cremation service,2042
Creole restaurant,2691
Creperie,1590
Cricket club,2496
Cricket ground,3267
Cricket shop,2324
Crime victim service,3034
Criminal justice attorney,1685
Croatian restaurant,3571
Crop grower,2275
Cruise agency,1783
Cruise line company,3196
Crushed stone supplier,3558
Crypto ATM,1611
Cuban restaurant,935
Culinary school,2373
Cultural association,484
Cultural center,1246
Cultural landmark,1654
Culture,1829
Cupcake shop,370
Cured ham bar,2447
Cured ham store,2448
Cured ham warehouse,2449
Currency exchange service,2135
Curtain store,547
Curtain supplier and maker,2116
Custom home builder,418
Custom label printer,427
Custom t-shirt store,426
Custom tailor,1072
Customs broker,459
Customs consultant,2488
Customs office,1741
Customs warehouse,1742
Cutlery store,1480
Cycle rickshaw stand,3419
Cycling park,3414
Dairy,3233
Dairy farm,1568
Dairy farm equipment supplier,2889
Dairy store,2530
Dairy supplier,253
Dance club,1755
Dance company,1289
Dance hall,1511
Dance pavillion,2480
Dance restaurant,3238
Dance school,469
Dance store,2692
Danish restaurant,3427
Dart supply store,3189
Data center,3417
Data entry service,2207
Data recovery service,895
Database management company,357
Dating service,2620
Day care center,225
Day spa,854
Deaf church,2152
Deaf service,3565
Debris removal service,1272
Debt collecting,2907
Debt collection agency,2946
Decal supplier,2519
Deck builder,92
Deli,845
Delivery Chinese restaurant,1424
Delivery Restaurant,88
Delivery service,388
Demolition contractor,603
Dental,3240
Dental clinic,252
Dental hygienist,1883
Dental implants periodontist,692
Dental implants provider,1419
Dental insurance agency,1122
Dental laboratory,76
Dental radiology,2737
Dental school,2417
Dental supply store,226
Dentist,346
Denture care center,1503
Department of motor vehicles,592
Department of Social Services,2580
Department of Transportation,2589
Department store,1468
Dermatologist,1705
Design,2970
Design agency,190
Design engineer,1917
Design institute,2076
Designer clothing store,1732
Desktop publishing service,2404
Dessert restaurant,1752
Dessert shop,750
Dhaba,3047
Diabetes center,2935
Diabetes equipment supplier,2466
Diabetologist,2045
Diagnostic center,345
Dialysis center,1816
Diamond buyer,1221
Diamond dealer,1222
Diaper service,2655
Diesel engine dealer,3239
Diesel engine repair service,949
Diesel fuel supplier,347
Dietitian,1706
Digital media,2695
Digital printer,495
Digital printing service,525
Dim sum restaurant,3002
Diner,162
Dinner theater,1994
Direct mail advertising,2459
Dirt supplier,2904
Disability equipment supplier,2429
Disability services and support organization,1162
Disciples of Christ Church,3112
Disco club,2087
Discount store,544
Display home center,2534
Display stand manufacturer,2497
Disposable tableware supplier,2906
Distance learning center,540
Distillery,423
Distribution service,341
District attorney,3363
District government office,2252
District office,3564
Dive club,2396
Dive shop,2360
Diving center,970
Diving contractor,2922
Divorce lawyer,734
Divorce service,1719
DJ service,372
DJ supply store,2836
Do-it-yourself shop,2198
Dock builder,313
Doctor,140
Dodge dealer,2978
Dog breeder,772
Dog cafe,1432
Dog day care center,1003
Dog park,1433
Dog trainer,725
Dog walker,661
Dogsled ride service,3449
Doll restoration service,2675
Doll store,2439
Dollar store,3334
Domestic abuse treatment center,1185
Domestic airport,1356
Dominican restaurant,2510
Donations center,953
Doner kebab restaurant,3024
Donut shop,1281
Door manufacturer,1540
Door shop,2191
Door supplier,679
Door warehouse,2843
Double glazing installer,2486
Doula,1676
Drafting service,2128
Drafting Service Center,3546
Drainage service,1728
Drama school,1201
Drawing lessons,3418
Dress and tuxedo rental service,3011
Dress store,1140
Dressmaker,1044
Dried flower shop,2967
Dried seafood store,3520
Drilling contractor,1944
Drilling equipment supplier,1346
Drinking water fountain,3382
Drinking water supplier,2307
Drive-in movie theater,3274
Driver's license office,3318
Drivers license training school,2951
Driveshaft shop,3387
Driving school,215
Driving test center,3448
Drone service,1673
Drone shop,779
Drug store,1491
Drug testing service,816
Drum school,1604
Drum store,1662
Dry cleaner,929
Dry fruit store,2114
Dry ice supplier,3254
Dry wall contractor,612
Dryer vent cleaning service,1949
DS Automobiles dealer,3042
Dump truck dealer,3126
Dumpling restaurant,1199
Dumpster rental service,1227
DVD store,3202
Dye store,2851
Dyeworks,3373
E - Commerce Agency,3483
E commerce agency,129
E-commerce service,84
Ear piercing service,1760
Earth works company,658
East African restaurant,3568
Eastern European restaurant,1989
Eatery,3538
Eating disorder treatment center,2416
Eclectic restaurant,3070
Ecologists association,3016
Economic consultant,2959
Economic development agency,419
Ecuadorian restaurant,64
Education,1057
Education and culture,3194
Education center,277
Educational consultant,475
Educational institution,1108
Educational supply store,1562
Educational testing service,2425
EFTPOS equipment supplier,3280
Egg supplier,2822
Elder law attorney,618
Electric bicycle store,2136
Electric generator shop,1387
Electric motor repair shop,2699
Electric motor scooter dealer,1399
Electric motor store,1761
Electric motorcycle dealer,2256
Electric utility company,2402
Electric vehicle charging station,3144
Electric vehicle charging station contractor,2310
Electrical and electronics stores,2971
Electrical appliance wholesaler,3164
Electrical engineer,1017
Electrical equipment supplier,1909
Electrical installation service,1241
Electrical products wholesaler,1758
Electrical repair shop,898
Electrical substation,2829
Electrical supply store,1409
Electrician,296
Electrolysis hair removal service,2613
Electronic engineering service,2809
Electronic parts supplier,1827
Electronics,2507
Electronics accessories wholesaler,596
Electronics company,713
Electronics engineer,2477
Electronics manufacturer,1792
Electronics repair shop,377
Electronics store,144
Electronics vending machine,2783
Electronics wholesaler,1984
Elementary school,1462
Elevator manufacturer,2222
Elevator service,1411
Embassy,2234
Embossing service,2624
Embroidery service,852
Embroidery shop,374
EMDR psychotherapist,2997
Emergency care physician,2784
Emergency care service,502
Emergency dental service,693
Emergency locksmith service,639
Emergency room,1235
Emergency services,3456
Emergency training,2467
Emergency training school,3055
Emergency veterinarian service,1679
Employment agency,260
Employment attorney,905
Employment center,1173
Employment consultant,699
Endocrinologist,2923
Endodontist,827
Endoscopist,2987
Energy advisory service,1649
Energy equipment and solutions,1653
Energy supplier,1479
Engine rebuilding service,2492
Engineer,1353
Engineering consultant,274
English language camp,2786
English language school,389
Engraver,1213
Entertainer,557
Entertainment,1736
Entertainment agency,510
Entertainment and recreation,2215
Envelope supplier,3005
Environment renewable natural resources,1347
Environmental consultant,1076
Environmental engineer,2771
Environmental health service,974
Environmental organization,9
Environmental protection organization,334
Episcopal church,431
Equestrian club,538
Equestrian facility,1205
Equestrian store,3030
Equipment exporter,674
Equipment importer,1954
Equipment rental agency,1269
Equipment supplier,530
Erotic massage,2891
Escape room center,1658
Escrow service,1992
Espresso bar,65
Estate Agent,2123
Estate appraiser,1070
Estate liquidator,1071
Estate litigation attorney,2278
Estate planning attorney,352
Esthetics service,2940
Ethiopian restaurant,3160
European restaurant,164
Evangelical church,236
Event management company,774
Event planner,30
Event technology service,558
Event ticket seller,34
Event venue,104
Excavating contractor,923
Executive search firm,1134
Executive suite rental agency,3276
Executor,3084
Exercise equipment store,737
Exhibit,1830
Exhibition and trade center,2153
Exhibition planner,858
Exporter,1331
Extended stay hotel,43
Eye care,957
Eye care center,593
Eyebrow bar,1456
Eyelash salon,572
Fabric product manufacturer,1416
Fabric store,866
Fabric wholesaler,1797
Fabrication engineer,1283
Facial spa,488
Factory equipment supplier,1731
Faculty of geography and history,556
Faculty of media and information science,2993
Faculty of science,2982
Fairground,2134
Falafel restaurant,988
Family counsellor,569
Family counselor,257
Family day care service,762
Family law attorney,741
Family planning center,2170
Family planning counselor,2697
Family practice physician,519
Family restaurant,943
Family service center,2440
Farm,442
Farm equipment repair service,553
Farm equipment supplier,940
Farm household tour,2412
Farm school,2632
Farm shop,1785
Farmers' market,329
Farming and cattle raising,1498
Farmstay,1628
Farrier service,3405
Fashion accessories store,564
Fashion design school,1914
Fashion designer,453
Fast food pizza,3436
Fast food restaurant,503
Fastener supplier,1644
Fax service,1701
Federal credit union,222
Federal government office,3505
Feed manufacturer,2650
Fence contractor,376
Fence supply store,2428
Fencing school,3173
Feng shui consultant,235
Feng shui shop,3057
Ferry service,1825
Fertiliser Supplier,3519
Fertility clinic,20
Fertility physician,1299
Fertilizer supplier,1232
Festival,343
Festival hall,3259
Fiat dealer,3230
Fiber optic products supplier,2952
Fiberglass repair service,2014
Fiberglass supplier,1656
Figurine shop,3351
Filipino restaurant,1111
Film and photograph library,1959
Film production company,275
Filtration plant,3421
Finance broker,1623
Financial advisor,761
Financial audit,1896
Financial consultant,917
Financial institution,450
Financial planner,1226
Fine dining restaurant,919
Fingerprinting service,2226
Finishing materials supplier,2899
Fire alarm supplier,803
Fire damage restoration service,1165
Fire department equipment supplier,1327
Fire fighters academy,2925
Fire proofing contractor,2070
Fire protection consultant,886
Fire protection equipment supplier,1826
Fire protection service,887
Fire protection system supplier,888
Fire station,1102
Firearms academy,892
Fireplace manufacturer,3244
Fireplace store,1024
Firewood supplier,941
Fireworks store,2570
Fireworks supplier,3135
First aid station,2801
Fish & chips restaurant,1220
Fish and chips takeaway,2341
Fish farm,2180
Fish processing,1585
Fish restaurant,1791
Fish store,800
Fishing,3401
Fishing area,266
Fishing camp,2664
Fishing charter,265
Fishing club,1309
Fishing pier,267
Fishing pond,2955
Fishing store,238
Fitness center,122
Fitness equipment wholesaler,1668
Fitted furniture supplier,2001
Fixed-base operator,3521
Flag store,3284
Flamenco theater,3439
Flavours fragrances and aroma supplier,1438
Flea market,2068
Flight school,1370
Floor refinishing service,401
Floor sanding and polishing service,738
Flooring,1766
Flooring contractor,290
Flooring store,697
Florist,316
Flour mill,3041
Flower delivery,729
Flower designer,1401
Flower market,1898
FMCG goods wholesaler,3125
FMCG manufacturer,2837
Foam rubber producer,3554
Foam rubber supplier,2049
Foie gras producer,3279
Food,1310
Food & Beverage Exporter,3513
Food and beverage consultant,1131
Food and beverage exporter,331
Food and drink,2127
Food bank,1014
Food broker,1367
Food court,1500
Food delivery,3510
Food industry,3552
Food machinery supplier,2316
Food manufacturer,644
Food manufacturing supply,643
Food processing company,1091
Food processing equipment,1667
Food producer,990
Food products supplier,133
Food seasoning manufacturer,933
Food service,2671
Food store,3107
Foot care,1807
Foot massage parlor,2340
Football Club,1378
Football Field,1237
Footwear wholesaler,1178
Ford dealer,1600
Foreclosure service,246
Foreign consulate,1999
Foreign exchange students organization,2212
Foreign languages program school,2896
Foreign trade consultant,2919
Forensic consultant,2259
Forestry service,604
Forklift dealer,2089
Forklift rental service,2090
Formal wear store,1933
Fortune telling services,1051
Foster care service,3017
Foundation,185
Foundry,1027
Fountain contractor,2248
Foursquare church,3566
Fraternal organization,893
Free clinic,2712
Free parking lot,3356
Freight Forwarding Agency,3530
Freight forwarding service,57
French language school,2192
French restaurant,1308
French steakhouse restaurant,2311
Fresh food market,1136
Fried chicken takeaway,1753
Frozen dessert supplier,1925
Frozen food manufacturer,1926
Frozen food store,466
Frozen yogurt shop,1641
Fruit and vegetable processing,573
Fruit and vegetable store,1762
Fruit and vegetable wholesaler,2169
Fruit parlor,3139
Fruit wholesaler,2579
Fruits wholesaler,3339
Fuel supplier,2476
Full dress rental service,3342
Full Gospel church,2054
Function room facility,829
Funeral celebrant service,1415
Funeral director,2348
Funeral home,1516
Fur service,242
Furnace parts supplier,2724
Furnace repair service,413
Furnace store,2022
Furnished apartment building,2268
Furniture accessories,300
Furniture accessories supplier,3166
Furniture maker,208
Furniture manufacturer,424
Furniture rental service,810
Furniture repair shop,542
Furniture store,209
Furniture wholesaler,1863
Fusion restaurant,3029
Futon store,1840
Futsal court,2532
Galician restaurant,2599
Gambling house,3301
Gambling instructor,2363
Game store,1396
Garage builder,1975
Garage door supplier,1425
Garbage collection service,1273
Garbage dump,2565
Garden,1041
Garden building supplier,2797
Garden center,303
Garden furniture shop,1512
Gardener,1000
Gardening products and services,3234
Garment exporter,653
Gas company,938
Gas cylinders supplier,2475
Gas engineer,1005
Gas installation service,1115
Gas logs supplier,2976
Gas station,1485
Gasfitter,2096
Gasket manufacturer,2197
Gastroenterologist,2008
Gastrointestinal surgeon,2009
Gastropub,837
Gated community,537
Gay & lesbian organization,2386
Gay bar,1660
Gay night club,3038
Gay sauna,2998
Gazebo builder,1920
Gemologist,2812
Genealogist,2228
General contractor,124
General education school,1454
General hospital,299
General practice attorney,1376
General practitioner,2262
General store,1080
Geological research company,2893
Geological service,1768
Geotechnical engineer,2868
Geriatrician,3119
German language school,2569
German restaurant,1782
Gift basket store,730
Gift shop,54
Gift wrap store,731
Girl bar,2985
Girls' high school,3106
Girls' hostel,317
Glass & mirror shop,2810
Glass blower,1808
Glass cutting service,2487
Glass engraving service,1214
Glass etching service,2678
Glass industry,3075
Glass manufacturer,2498
Glass repair service,868
Glass shop,721
Glasses repair service,3325
Glassware store,1910
Glassware wholesaler,2174
Glazier,192
Gluten-free restaurant,1715
GMC dealer,3012
Go-karting venue,2815
Goan restaurant,3526
Gold dealer,1103
Gold mining company,1291
Goldfish store,2177
Goldsmith,1153
Golf,2909
Golf cart dealer,955
Golf club,1804
Golf course,314
Golf course builder,1252
Golf driving range,2004
Golf instructor,1133
Golf shop,1060
Gospel church,2718
Gourmet grocery store,1168
Government,3221
Government college,1495
Government economic program,3352
Government office,807
GPS supplier,1895
Graduate school,3553
Graffiti removal service,978
Grain elevator,2524
Grammar school,3579
Granite supplier,880
Graphic designer,276
Gravel pit,3140
Gravel plant,2937
Greek restaurant,504
Green energy supplier,2371
Greengrocer,2576
Greenhouse,691
Greeting card shop,788
Grill,2081
Grill store,824
Grocery delivery service,467
Grocery store,735
Ground self defense force,613
Group accommodation,39
Group home,363
Grow shop,3381
Guest house,597
Guitar instructor,979
Guitar store,1339
Gujarati restaurant,2074
Gun club,2761
Gun shop,1
Gurudwara,1862
Gutter cleaning service,566
Gutter service,231
Gym,286
Gym & Fitness Center,3543
Gymnastics center,1191
Gynecologist,18
Gypsum product supplier,3410
Gyro restaurant,505
Gyudon restaurant,3428
Haberdashery,1934
Hair care service,2850
Hair extension technician,993
Hair extensions supplier,876
Hair removal service,1124
Hair replacement service,756
Hair salon,8
Hair transplantation clinic,1647
Hairdresser,113
Haitian restaurant,2205
Hakka restaurant,3315
Halal restaurant,1106
Haleem restaurant,3207
Halfway house,2409
Ham shop,2450
Hamburger restaurant,483
Hammam,2698
Hand surgeon,1646
Handbags shop,1059
Handball club,3402
Handicapped transportation service,907
Handicraft,210
Handicraft exporter,1473
Handicraft fair,3577
Handicraft museum,2253
Handicraft school,2294
Handicrafts wholesaler,1474
Handyman/Handywoman/Handyperson,327
Hardware store,561
Harley-Davidson dealer,3253
Hat shop,109
Haunted house,2058
Haute couture fashion house,825
Haute French restaurant,2881
Hawaiian goods store,3319
Hawaiian restaurant,1869
Hawker center,2638
Hay supplier,2251
Head and neck surgeon,3322
Head start center,1648
Health,1325
Health and beauty,2457
Health and beauty shop,159
Health consultant,146
Health counselor,1174
Health food restaurant,1405
Health food store,1002
Health insurance agency,280
Health resort,1517
Health spa,805
Hearing aid repair service,2974
Hearing aid store,1181
Heart hospital,2084
Heating contractor,219
Heating equipment supplier,1373
Heating oil supplier,835
Height works,2138
Helicopter charter,1946
Helicopter Charter Rental & Leasing,3479
Helicopter tour agency,2077
Heliport,3397
Helium gas supplier,3281
Hematologist,3341
Hepatologist,3366
Herb shop,764
Herbal medicine store,523
Herbalist,1822
Heritage museum,1382
Heritage preservation,3083
High school,622
Higher secondary school,440
Hiking area,2021
Hiking club,2556
Hiking guide,2343
Hindu priest,2832
Hindu temple,2146
Hip hop dance class,1290
Hispanic church,3025
Historical landmark,747
Historical place,2185
Historical place museum,3093
Historical society,1591
History museum,2066
HIV testing center,2964
Hoagie restaurant,3485
Hobby store,1450
Hockey,3509
Hockey club,3249
Hockey field,3250
Hockey supply store,2292
Holding company,2189
Holiday apartment,1322
Holiday apartment rental,1074
Holiday home,281
Holiday park,1020
Holistic medicine practitioner,381
Home and construction,3523
Home audio store,2781
Home automation company,889
Home builder,264
Home cinema installation,2329
Home Furniture Shop,3294
Home goods store,105
Home health care service,383
Home help,298
Home help service agency,1640
Home improvement store,67
Home inspector,608
Home insurance agency,1032
Home staging service,2483
Home Stay,3477
Home theater store,1224
Homeless service,2392
Homeless shelter,2990
Homeopath,1776
Homeopathic pharmacy,2305
Homeowners' association,1599
Homestay,1436
Honda dealer,2751
Honduran restaurant,2274
Honey farm,473
Hong Kong style fast food restaurant,3460
Hookah bar,1007
Hookah store,2254
Horse boarding stable,1206
Horse breeder,728
Horse rental service,1664
Horse riding,2617
Horse riding field,2994
Horse riding school,1081
Horse trailer dealer,3102
Horse trainer,1207
Horse transport supplier,3092
Horseback riding service,1208
Horseshoe smith,3365
Hose supplier,3124
Hospice,1276
Hospital,771
Hospital department,2056
Hospital equipment and supplies,2917
Hospitality and tourism school,1905
Hostel,1598
Hot bedstone spa,2098
Hot dog restaurant,1457
Hot dog stand,1458
Hot pot restaurant,2241
Hot tub repair service,2200
Hot tub store,2085
Hot water system supplier,2358
Hotel,12
Hotel management school,2522
Hotel supply store,460
House,3461
House cleaning service,78
House clearance service,2250
House sitter,1632
House sitter agency,2928
Houseboat rental service,2778
Household chemicals supplier,2588
Household goods wholesaler,2026
Housing association,1613
Housing authority,247
Housing complex,1560
Housing cooperative,2446
Housing development,1418
Housing society,85
Human resource consulting,769
Human resources,2007
Hunting and fishing store,2567
Hunting area,2338
Hunting club,422
Hunting preserve,2961
Hunting store,2663
HVAC contractor,251
Hydraulic equipment supplier,2679
Hydraulic repair service,1374
Hydroelectric power plant,2593
Hydroponics equipment supplier,2119
Hygiene articles wholesaler,1927
Hyperbaric medicine physician,3567
Hypermarket,1710
Hypnotherapy service,809
Hyundai dealer,2752
Ice cream equipment supplier,2839
Ice cream shop,165
Ice hockey club,3243
Ice hockey rink,3074
Ice skating club,3389
Ice skating rink,3390
Ice supplier,2011
ICSE school,2795
Image consultant,1765
Immigration & naturalization service,1385
Immigration attorney,820
Immunologist,2945
Impermeabilization service,1581
Import export company,132
Importer,83
Incense supplier,2578
Income tax help association,3122
Indian grocery store,1253
Indian restaurant,1158
Indian sweets shop,2862
Indian takeaway,2314
Indonesian restaurant,1280
Indoor cycling,2366
Indoor golf course,1805
Indoor lodging,717
Indoor playground,760
Indoor swimming pool,3076
Industrial chemicals wholesaler,647
Industrial consultant,2433
Industrial design company,1408
Industrial engineer,2541
Industrial equipment supplier,310
Industrial gas supplier,3394
Industrial real estate agency,548
Industrial spares and products wholesaler,2333
Industrial technical engineers association,2639
Infiniti dealer,2122
Information and technology services,3159
Information centers,3409
Information services,749
Inn,1011
Installation service,3183
Institute of technology,2520
Instruction,2630
Insulation contractor,1278
Insulation materials store,2577
Insulator supplier,2780
Insurance agency,250
Insurance agent,2717
Insurance attorney,1492
Insurance broker,1008
Insurance company,1634
Intellectual property registry,1384
Interior architect office,1444
Interior construction contractor,232
Interior decoration,282
Interior Decorator,211
Interior designer,212
Interior fitting contractor,1677
Interior plant service,1426
Internal medicine ward,1686
International airport,3248
International school,1394
International trade consultant,1892
Internet,2908
Internet cafe,2471
Internet marketing service,56
Internet service provider,358
Internet shop,474
Internist,1972
Investment bank,2709
Investment company,1279
Investment service,1161
Invitation printing service,694
Irish pub,1887
Irish restaurant,1789
Iron and steel store,3110
Iron works,512
Irrigation equipment supplier,1912
Island,2766
Israeli restaurant,3464
Italian grocery store,846
Italian restaurant,87
IV therapy service,2941
Izakaya restaurant,2607
Jamaican restaurant,1183
Janitorial equipment supplier,2441
Janitorial service,80
Japanese confectionery shop,3269
Japanese curry restaurant,3021
Japanese delicatessen,3288
Japanese inn,2481
Japanese restaurant,1148
Japanese steakhouse,1547
Japanized western restaurant,3032
Javanese restaurant,3353
Jazz club,1510
Jeans shop,28
Jeep dealer,2979
Jeweler,1073
Jewelry appraiser,1154
Jewelry buyer,1104
Jewelry designer,429
Jewelry engraver,1215
Jewelry exporter,3142
Jewelry manufacturer,797
Jewelry repair service,1155
Jewelry store,472
Jewish restaurant,3465
Joiner,2143
Judicial auction,2903
Judo club,3153
Judo school,2879
Juice shop,678
Jujitsu school,1487
Junior college,2768
Junk dealer,2587
Junk removal service,583
Junkyard,1265
Justice of the peace,3116
Jute exporter,2702
Jute mill,3174
K-12 school,1152
Kaiseki restaurant,3215
Karaoke,2405
Karaoke bar,1756
Karaoke equipment rental service,3435
Karate club,2986
Karate school,2551
Kawasaki motorcycle dealer,3340
Kebab shop,1940
Kennel,1209
Kerala restaurant,2508
Key duplication service,586
Kia dealer,2753
Kickboxing school,931
Kindergarten,625
Kinesiologist,2623
Kinesiotherapist,1342
Kiosk,2312
Kitchen furniture store,1894
Kitchen remodeler,127
Kitchen supply store,932
Kite shop,2010
Knife manufacturer,1839
Knife store,2069
Knit shop,2415
Knitting instructor,3256
Knitwear manufacturer,2227
Korean barbecue restaurant,1754
Korean beef restaurant,3132
Korean grocery store,1606
Korean restaurant,1101
Kosher grocery store,3466
Kosher restaurant,1120
Kung fu school,742
Kyoto style Japanese restaurant,3148
Labor relations attorney,2279
Labor union,1908
Laboratory,773
Laboratory equipment supplier,1330
Lactation service,1837
Ladder supplier,3525
Laminating equipment supplier,3197
Lamination service,2571
Lamp repair service,3212
Lamp shade supplier,3073
Land allotment,2629
Land planning authority,2913
Land surveying office,2956
Land surveyor,101
Landscape architect,670
Landscape designer,576
Landscape lighting designer,925
Landscaper,120
Landscaping supply store,704
Language school,710
Laotian restaurant,3459
Lapidary,2819
Laser cutting service,654
Laser Cutting Service Provider,3524
Laser equipment supplier,2272
Laser hair removal service,1554
Laser tag center,2722
Lasik surgeon,2725
Latin American restaurant,590
Laundromat,930
Laundry,577
Laundry service,928
Law book store,3019
Law firm,445
Law library,2472
Law school,581
Lawn care service,121
Lawn equipment rental service,1780
Lawn irrigation equipment supplier,1913
Lawn mower repair service,2287
Lawn mower store,934
Lawn sprinkler system contractor,1275
Lawyer,1603
Lawyers association,1939
Leagues club,2558
Learner driver training area,1987
Learning center,711
Leasing service,2747
Leather cleaning service,516
Leather coats store,2495
Leather exporter,2866
Leather goods manufacturer,2147
Leather goods store,1592
Leather goods supplier,875
Leather goods wholesaler,874
Leather Products Manufacturer,3487
Leather repair service,515
Leather wholesaler,1294
Lebanese restaurant,999
Legal affairs bureau,1981
Legal services,255
Leisure center,3128
Lesbian bar,3346
Library,261
Lido,2984
Life coach,233
Life insurance agency,1123
Light bulb supplier,1802
Lighting consultant,1561
Lighting contractor,954
Lighting manufacturer,2474
Lighting products wholesaler,1803
Lighting store,262
Ligurian restaurant,3138
Limousine service,25
Lincoln dealer,3078
Line marking service,2411
Linens store,367
Lingerie shop,3563
Lingerie store,649
Lingerie wholesaler,3367
Linoleum store,3532
Liquidator,302
Liquor Shop,3338
Liquor store,831
Live music bar,1128
Live music venue,775
Livery company,2631
Livestock breeder,813
Livestock dealer,2400
Livestock producer,2716
Loan agency,951
Local government office,524
Local history museum,3232
Local medical services,21
Lock Store,2235
Locks supplier,706
Locksmith,587
Lodge,961
Lodging,535
Log cabins,2104
Log home builder,3080
Logging contractor,3007
Logistics,1375
Logistics service,371
Longarm quilting service,2805
Loss adjuster,1118
Lottery retailer,2389
Lottery shop,3228
Lounge bar,920
Love hotel,3010
Low income housing program,2776
LPG conversion,3411
Luggage repair service,2608
Luggage storage facility,1743
Luggage store,2426
Luggage wholesaler,3495
Lumber store,1428
Lunch restaurant,869
Lutheran church,864
Lymph drainage therapist,1935
Machine construction,638
Machine knife supplier,3321
Machine maintenance service,1584
Machine repair service,2028
Machine shop,991
Machine workshop,1216
Machinery parts manufacturer,1061
Machining manufacturer,1440
Magazine store,2199
Magic store,2165
Magician,1995
Mailbox rental service,791
Mailbox supplier,2145
Mailing service,1702
Majorcan restaurant,1723
Make-up artist,793
Makerspace,2790
Malaysian restaurant,2124
Mammography service,2453
Management school,2988
Mandarin restaurant,3210
Manufactured home transporter,3329
Manufacturer,4
Map store,2816
Mapping service,2210
Marble contractor,2356
Marble supplier,881
Marina,1355
Marine engineer,1635
Marine supply store,546
Marine surveyor,2619
Market,628
Market researcher,191
Marketing,2125
Marketing agency,47
Marketing consultant,136
Marquee hire service,3099
Marriage celebrant,776
Marriage Consultant,3484
Marriage Counsellor,570
Marriage license bureau,958
Marriage or relationship counselor,71
Martial arts club,2166
Martial arts school,425
Martial arts supply store,2378
Maserati dealer,3504
Masonic center,1888
Masonry contractor,758
Masonry supply store,2458
Massage parlor,2677
Massage school,1893
Massage service,2297
Massage spa,489
Massage supply store,1639
Massage therapist,433
Material handling equipment supplier,1828
Maternity hospital,1259
Maternity store,1690
Mathematics school,2785
Mattress store,987
Mausoleum builder,3217
Mazda dealer,1507
Meal delivery,3149
Measuring instruments supplier,2095
Meat dish restaurant,2728
Meat packer,1137
Meat processor,1461
Meat products store,89
Meat wholesaler,90
Mechanic,270
Mechanical contractor,2012
Mechanical engineer,967
Mechanical plant,3374
Mechanical workshop,2257
Media company,137
Media consultant,2062
Media house,31
Mediation service,1693
Medical billing service,1923
Medical book store,3020
Medical Center,22
Medical certificate service,2714
Medical clinic,518
Medical diagnostic imaging center,1341
Medical equipment manufacturer,1186
Medical equipment supplier,96
Medical group,1687
Medical laboratory,859
Medical lawyer,3136
Medical office,549
Medical school,2604
Medical spa,213
Medical supply store,916
Medical technology manufacturer,1482
Medical transcription service,2399
Medicine exporter,1570
Meditation center,856
Meditation instructor,319
Mediterranean restaurant,506
Meeting planning service,879
Mehandi class,2460
Mehndi designer,2876
Memorial,3311
Memorial park,2764
Men's clothing store,29
Men's health physician,3420
Men's tailor,2863
Mennonite church,2705
Mental health clinic,1035
Mental health service,180
Mental Hospital,3500
Mercantile development,3432
Metal construction company,687
Metal detecting equipment supplier,1769
Metal fabricator,511
Metal finisher,2856
Metal heat treating service,2502
Metal industry suppliers,582
Metal machinery supplier,1998
Metal polishing service,1704
Metal processing company,2370
Metal services,688
Metal stamping service,1284
Metal supplier,714
Metal working shop,1735
Metal workshop,1541
Metallurgy company,2948
Metalware producer,3473
Metalwork,2088
Metaphysical supply store,428
Methodist church,1012
Metropolitan train company,2744
Mexican goods store,2861
Mexican grocery store,3155
Mexican restaurant,861
Mexican torta restaurant,3335
Meyhane,1733
Microwave oven repair service,2202
Middle Eastern restaurant,998
Middle school,623
Midwife,952
Military base,2516
Milk delivery service,3198
Mill,533
Millwork shop,1016
Mine,3425
Mineral water company,2245
Mineral water wholesaler,3422
Miniature golf course,1249
Miniatures store,3046
Minibus taxi service,1369
Mining company,1047
Mining consultant,1509
Mining engineer,2478
Mining equipment,2479
Ministry of Education,2882
Mirror shop,2490
Missing persons organization,3033
Mission,2734
Mitsubishi dealer,2575
Mobile caterer,480
Mobile disco service,2550
Mobile home dealer,248
Mobile home park,2690
Mobile home rental agency,1800
Mobile home supply store,2992
Mobile network operator,2291
Mobile phone repair shop,1089
Mobility equipment supplier,1615
Model builder,2139
Model design company,1217
Model portfolio studio,1960
Model shop,1476
Model train store,1601
Modeling agency,982
Modeling school,2133
Modern art museum,1336
Modern Australian restaurant,1195
Modern British restaurant,2673
Modern French restaurant,2369
Modern Indian restaurant,2603
Modular home builder,178
Modular home dealer,3079
Mold maker,1506
Molding supplier,1160
Momo restaurant,3056
Monastery,2201
Money order service,3147
Money transfer service,792
Mongolian barbecue restaurant,939
Monogramming service,896
Montessori preschool,2838
Montessori school,1979
Monument,2469
Monument maker,1477
Moped dealer,3053
Moroccan restaurant,2965
Mortgage broker,393
Mortgage lender,865
Mortuary,2848
Mosque,1575
Motel,1028
Motocross,2743
Motor scooter dealer,2434
Motor scooter repair shop,2435
Motor vehicle dealer,437
Motorcycle dealer,436
Motorcycle driving school,1435
Motorcycle insurance agency,1033
Motorcycle parts store,635
Motorcycle rental agency,1778
Motorcycle repair shop,434
Motorcycle shop,1172
Motorcycles,1197
Motoring club,3385
Motorsports store,2157
Mountain cabin,1726
Mountaineering class,3386
Mover,1084
Movie rental,2684
Movie rental kiosk,2339
Movie rental store,2911
Movie studio,1430
Movie theater,1961
Moving and storage service,399
Moving service,3498
Moving supply store,1953
MRI center,1023
Muay Thai boxing gym,1738
Muffler shop,1088
Mughlai restaurant,3263
Mulch supplier,926
Multimedia and electronic book publisher,2048
Municipal administration office,2777
Municipal Department of Tourism,3225
Museum,189
Music college,3507
Music conservatory,2422
Music instructor,862
Music management and promotion,44
Music producer,607
Music publisher,46
Music school,58
Music store,378
Musical club,1202
Musical instrument manufacturer,1663
Musical instrument rental service,2721
Musical instrument repair shop,1036
Musical instrument store,395
Musician,1048
Musician and composer,971
Nail salon,220
Nanotechnology engineering service,3440
National museum,3117
National park,2206
National reserve,2574
Native american goods store,963
Native American restaurant,3572
Natural goods store,1823
Natural history museum,3049
Natural stone supplier,2327
Natural stone wholesaler,2328
Nature preserve,2372
Naturopathic practitioner,1358
Neapolitan restaurant,2156
Needlework shop,909
Neon sign shop,2379
Neonatal physician,3313
Nepalese restaurant,1490
Nephrologist,2384
Neurologist,2029
Neurophysiologist,1343
Neuropsychologist,2190
Neurosurgeon,2981
New Age church,1534
New American restaurant,1652
New England restaurant,3561
News service,173
Newspaper distribution service,1889
Newspaper publisher,297
Newsstand,2870
Night club,539
Night market,2826
Nissan dealer,1532
Non smoking holiday home,2271
Non vegetarian restaurant,2331
Non-denominational church,2493
Non-governmental organization,77
Non-profit organization,187
Noodle shop,2141
North Indian restaurant,2455
Northern Italian restaurant,2037
Notaries association,627
Notary public,230
Notions store,2238
Novelties wholesaler,3165
Novelty store,680
Nudist park,2731
Nuevo Latino restaurant,2160
Numerologist,1694
Nurse practitioner,1582
Nursery school,1328
Nursing agency,526
Nursing association,2760
Nursing home,312
Nursing school,2610
Nut store,2018
Nutritionist,147
Observation deck,1759
Observatory,2344
Obstetrician-gynecologist,315
Occupational health service,2131
Occupational medical physician,1448
Occupational safety and health,1145
Occupational therapist,1536
Oden restaurant,2653
Off roading area,2787
Off-road racing venue,2218
Offal barbecue restaurant,1410
Office,1320
Office accessories wholesaler,2811
Office equipment rental service,3222
Office equipment supplier,2680
Office furniture store,301
Office refurbishment service,2867
Office space rental agency,249
Office supply store,2181
Office supply wholesaler,1681
Offset printing service,2053
Oil & natural gas company,461
Oil and gas exploration service,1853
Oil change service,610
Oil field equipment supplier,1285
Oil refinery,195
Oilfield,2239
Old Age Home,3494
Olive oil bottling company,3472
Olive oil cooperative,2864
Olive oil manufacturer,2224
Oncologist,3091
Online share trading center,2536
Opel dealer,3446
Open university,1902
Opera company,2732
Ophthalmologist,139
Ophthalmology clinic,1019
Optical products manufacturer,2196
Optical wholesaler,365
Optician,364
Optometrist,594
Oral and maxillofacial surgeon,3344
Oral surgeon,1420
Orchard,746
Orchestra,1891
Orchid farm,777
Orchid grower,3262
Organic drug store,2427
Organic farm,360
Organic food store,332
Organic restaurant,1556
Organic shop,1194
Oriental goods store,743
Oriental medicine clinic,2740
Oriental rug store,1843
Orphanage,2364
Orthodontist,1421
Orthodox church,2221
Orthopedic clinic,1126
Orthopedic shoe store,2408
Orthopedic supplies store,1932
Orthopedic surgeon,1363
Orthotics & Prosthetics Centre,3214
Orthotics & prosthetics service,1109
Osteopath,976
Otolaryngologist,2039
Otolaryngology clinic,1711
Outboard motor store,3213
Outdoor activity organiser,1626
Outdoor clothing and equipment shop,1553
Outdoor equestrian facility,1978
Outdoor furniture store,1228
Outdoor movie theater,3398
Outdoor sports store,1054
Outdoor swimming pool,2072
Outerwear store,2326
Outlet mall,2842
Outlet store,1533
Oxygen cocktail spot,3560
Oxygen equipment supplier,965
Oyster bar restaurant,2996
Oyster supplier,3101
Packaging company,595
Packaging contractors and services,3098
Packaging supply store,1703
Padang restaurant,3291
Padel club,2926
Padel court,3095
Pagoda,2046
Pain control clinic,1026
Pain management physician,1447
Paint manufacturer,1326
Paint store,531
Paint stripping service,478
Paintball center,1957
Paintball store,614
Painter,106
Painting,197
Painting lessons,1963
Painting studio,1171
Paintings store,2347
Pakistani restaurant,2267
Palestinian restaurant,2092
Pallet supplier,1248
Pan-Asian restaurant,1198
Pan-Latin restaurant,3542
Pancake restaurant,2438
Paper bag supplier,3573
Paper distributor,2901
Paper exporter,2900
Paper mill,2598
Paper store,1818
Paralegal services provider,975
Parapharmacy,2846
Parasailing ride operator,3265
Parish,2696
Park,863
Parking garage,2063
Parking lot,2159
Party equipment rental service,234
Party planner,448
Party store,1116
Passport agent,2489
Passport office,2308
Passport photo processor,1747
Pasta shop,1821
Pastry shop,66
Patent attorney,2352
Patent office,3551
Paternity testing service,1520
Pathologist,2263
Patients support association,2301
Patio enclosure supplier,2144
Patisserie,765
Paving contractor,404
Paving materials supplier,2413
Pawn shop,1306
Payphone,3368
Payroll service,1819
Payroll Service Provider,3536
Pediatric clinic,1009
Pediatric dentist,828
Pediatric dermatologist,3312
Pediatric endocrinologist,3157
Pediatric gastroenterologist,3375
Pediatric neurologist,3376
Pediatric ophthalmologist,2726
Pediatric pulmonologist,3377
Pediatric surgeon,3314
Pediatrician,1657
Pempek restaurant,3195
Pen store,3062
Pentecostal church,1858
Performing arts group,1203
Performing arts theater,284
Perfume store,160
Perinatal center,3065
Periodontist,1884
Permanent make-up clinic,855
Persian restaurant,3332
Personal chef service,1412
Personal concierge service,1967
Personal injury attorney,789
Personal trainer,145
Peruvian restaurant,589
Pest control service,353
Pet adoption service,1811
Pet boarding service,626
Pet care service,2016
Pet food and animal feeds,3451
Pet funeral service,2295
Pet groomer,259
Pet moving service,2193
Pet Shop,3486
Pet sitter,328
Pet store,492
Pet supply store,199
Pet trainer,1055
Petrochemical engineering service,3134
Petrol Station,3522
Petroleum products company,2710
Pharmaceutical company,1156
Pharmaceutical lab,2602
Pharmaceutical products wholesaler,2616
Pharmacy,307
Philharmonic hall,2500
Pho restaurant,1587
Phone repair service,1319
Photo agency,1170
Photo booth,1169
Photo lab,960
Photo restoration service,2040
Photo shop,545
Photographer,95
Photography,2667
Photography class,308
Photography school,2231
Photography service,309
Photography studio,707
Physiatrist,2756
Physical examination center,2454
Physical fitness program,148
Physical Fitness Programme,2126
Physical rehabilitation center,1344
Physical therapist,179
Physical therapy clinic,551
Physician,3528
Physician assistant,2419
Physiotherapist,2117
Physiotherapy Center,1770
Physiotherapy equipment supplier,3208
Piano,2914
Piano bar,2161
Piano instructor,382
Piano moving service,1744
Piano repair service,2079
Piano store,2078
Piano tuning service,2080
Pick your own farm produce,1602
Pickleball court,1885
Picnic ground,2464
Picture frame shop,1589
Pie shop,2711
Piedmontese restaurant,3413
Pig farm,3052
Pilates studio,1099
Pile driving service,2319
Pilgrimage place,1359
Piñatas supplier,2337
Pine furniture shop,3051
Pipe manufacturer,97
Pipe supplier,2346
Pipes wholesaler,1062
Pizza delivery,1712
Pizza restaurant,86
Pizza takeaway,2059
Pizza Takeout,166
Place of worship,1231
Planetarium,2345
Plant and machinery hire,2431
Plant nursery,102
Plast window store,2746
Plasterer,673
Plastic bag supplier,3283
Plastic bags wholesaler,2999
Plastic fabrication company,1262
Plastic injection molding service,1773
Plastic products supplier,204
Plastic products wholesaler,1263
Plastic resin manufacturer,205
Plastic surgeon,258
Plastic surgery clinic,494
Plating service,2545
Playground,1090
Playground equipment supplier,1596
Playgroup,2280
Plumber,73
Plumbing supply store,1483
Plus size clothing store,565
Plywood supplier,1063
Podiatrist,2482
Poke bar,1406
Police academy,2468
Police department,1718
Police officers' housing,676
Police station,2950
Police supply store,2515
Polish restaurant,3289
Political party office,188
Polo club,1707
Polygraph service,2884
Polymer supplier,2334
Polytechnic institute,1501
Polythene and plastic sheeting supplier,1772
Pond contractor,2244
Pond fish supplier,2002
Pond supply store,2003
Pony ride service,3252
Pool billard club,2406
Pool cleaning service,942
Pool hall,2162
Popcorn store,1518
Port operating company,3270
Portable building manufacturer,1722
Portable toilet supplier,2518
Portrait studio,959
Portuguese restaurant,3081
Post office,2505
Poster store,2445
Pottery classes,405
Pottery manufacturer,408
Pottery store,409
Poultry farm,1053
Poultry store,1100
Powder coating service,322
Power plant equipment supplier,3169
Power station,2353
Powersports vehicle dealer,719
Po’ boys restaurant,3105
Practitioner service location,1977
Precision engineer,2895
Pregnancy care center,1493
Preparatory school,1188
Presbyterian church,1323
Preschool,182
Press advisory,617
Pressure washing service,402
Priest,2208
Primary school,624
Print shop,10
Printed music publisher,2270
Printer ink refill store,2151
Printer repair service,1625
Printing equipment supplier,1514
Prison,1795
Private college,1439
Private educational institution,1150
Private equity firm,3096
Private hospital,1489
Private investigator,550
Private sector bank,3097
Private tutor,412
Private university,1976
Probate attorney,3545
Process server,493
Proctologist,2320
Produce market,452
Produce wholesaler,1980
Professional and hobby associations,3364
Professional association,1006
Professional organizer,227
Professional services,447
Promotional products supplier,1244
Propane supplier,2755
Propeller shop,3193
Property administration service,783
Property investment company,642
Property maintenance,798
Property management company,217
Prosthodontist,2566
Protected area,2772
Protective clothing supplier,3048
Protestant church,496
Psychiatric hospital,3050
Psychiatrist,2219
Psychic,696
Psychoanalyst,1841
Psychologist,486
Psychomotor therapist,1855
Psychoneurological specialized clinic,2121
Psychopedagogy clinic,1856
Psychosocial therapist,1798
Psychosomatic medical practitioner,748
Psychotherapist,69
Pub,135
Public bath,2615
Public bathroom,3399
Public beach,3361
Public defender's office,2050
Public educational institution,1659
Public golf course,2005
Public health department,1258
Public library,2451
Public medical center,1549
Public parking space,3400
Public relations firm,1851
Public safety office,380
Public sauna,3158
Public swimming pool,2380
Public university,1817
Public works department,3224
Publisher,672
Puerto Rican restaurant,1824
Pulmonologist,2102
Pump supplier,2719
Pumpkin patch,336
Punjabi restaurant,2075
Puppet theater,3406
PVC windows supplier,2395
Quantity surveyor,2759
Quarry,2424
Queer bar,3347
Quilt shop,1138
Race car dealer,2957
Racecourse,2223
Racing car parts store,853
Radiator repair service,1901
Radiator shop,2983
Radio broadcaster,417
Radiologist,901
Raft trip outfitter,2533
Rafting,2019
Railing contractor,513
Railroad company,3501
Railroad contractor,2657
Railroad equipment supplier,1286
Railroad ties supplier,2938
Railway services,2949
Rainwater tank supplier,671
Ramen restaurant,1200
Ranch,563
Rare book store,2681
Raw food restaurant,3354
Ready mix concrete supplier,1243
Real estate,218
Real estate agency,243
Real estate agent,93
Real estate appraiser,287
Real estate attorney,351
Real estate auctioneer,3437
Real Estate Builders & Construction Company,3482
Real estate consultant,354
Real estate developer,94
Real estate photographer,2401
Real estate rental agency,781
Real estate school,1906
Real estate surveyor,2789
Record company,787
Record store,2060
Recording studio,985
Records storage facility,1745
Recreation,2547
Recreation center,1113
Recreational Vehicle Park,3489
Recreational vehicle rental agency,1636
Recruiter,325
Rectory,3547
Recycling center,936
Recycling drop-off location,2033
Reflexologist,1125
Reform synagogue,3539
Reformed church,2688
Refrigerated transport service,3515
Refrigerator repair service,1287
Refrigerator store,169
Regional airport,2924
Registered general nurse,1838
Registration office,2878
Registry office,1669
Rehabilitation center,311
Rehearsal studio,3054
Reiki therapist,857
Relaxation,2296
Religious book store,1362
Religious destination,1595
Religious goods store,2537
Religious institution,176
Religious organization,1159
Religious school,1388
Religious statue manufacturer,2840
Remodeler,128
Renault dealer,1661
Rental,3180
Renter's insurance agency,1034
Repair service,454
Repairs,3371
Reproductive health clinic,1757
Reptile store,1499
Rescue squad,2883
Research and product development,340
Research foundation,451
Research institute,1239
Residential college,1633
Residents association,2220
Resort hotel,114
Restaurant,50
Restaurant or cafe,3323
Restaurant supply store,439
Resume service,1594
Retail space rental agency,1941
Retaining wall supplier,759
Retirement community,2112
Retirement home,555
Retreat center,1535
Rheumatologist,646
Rice cake shop,3302
Rice cracker shop,3200
Rice mill,2167
Rice restaurant,2288
Rice shop,2563
Rice wholesaler,2564
Road construction company,2674
Road construction machine repair service,632
Road cycling,2627
Rock climbing,1737
Rock climbing gym,3130
Rock climbing instructor,3393
Rock music club,3462
Rock shop,1383
Rodeo,2403
Roller skating rink,1307
Roman restaurant,3044
Romanian restaurant,3317
Roofing contractor,214
Roofing Service,1332
Roofing supply store,667
Rowing club,3071
Rubber products supplier,1698
Rubber stamp store,732
Rug store,368
Rugby club,3271
Rugby field,3388
Rugby league club,2349
Running store,1357
Rustic furniture store,2247
RV dealer,1973
RV detailing service,1630
RV inspection service,2634
RV park,850
RV repair and maintenance service,3372
RV repair shop,633
RV storage facility,1528
RV supply store,1974
Saddlery,2703
Safe & vault shop,2661
Safety equipment supplier,1730
Sailing club,992
Sailing event area,2368
Sailing school,421
Sailmaker,3297
Salad shop,1254
Salsa bar,2407
Salsa classes,1964
Salvadoran restaurant,3109
Salvage dealer,2915
Salvage yard,1398
Sand & gravel supplier,1971
Sand plant,2315
Sandblasting service,836
Sandwich shop,989
Sanitary inspection,1177
Sanitary ware manufacturer and supplier,3059
Sanitation service,446
Saree Shop,977
Satellite communication service,2023
Satellite Communication Services Provider,3537
Satellite tracking service,1431
Sauna,318
Sauna club,3467
Sauna store,2668
Saw mill,2658
Saw sharpening service,3320
Scaffolding rental service,1708
Scaffolding service,1709
Scale repair service,3077
Scale supplier,3379
Scenic spot,3331
Scenography company,2300
School,716
School administration office,3404
School bus service,3343
School cafeteria,3569
School center,600
School district office,2020
School house,1945
School supply store,2065
Science museum,3026
Scientific equipment supplier,1857
Scooter rental service,1820
Scooter repair shop,2942
Scout hall,1868
Scouting,2213
Scrap merchant,2841
Scrap metal dealer,2025
Scrapbooking store,1651
Screen printer,724
Screen printing shop,375
Screen printing supply store,1037
Screen repair service,973
Screen store,2526
Screw supplier,2265
SCUBA instructor,1537
SCUBA tour agency,578
Sculptor,2572
Sculpture,2229
Seafood donburi restaurant,3534
Seafood farm,2600
Seafood market,2290
Seafood restaurant,870
Seafood wholesaler,1139
Seal shop,3118
Seaplane base,3503
Seaport,3562
Seasonal goods store,1748
Second hand store,1349
Secondary school,2100
Security guard service,355
Security service,99
Security system installation service,885
Security system supplier,362
Seed supplier,814
Seitai,2298
Self defense school,744
Self service car wash,1846
Self-catering accommodation,1400
Self-storage facility,1030
Semi conductor supplier,3282
Seminary,2735
Senior citizen center,1164
Senior high school,1189
Sento,2614
Septic system service,927
Serbian restaurant,2730
Service establishment,11
Serviced accommodation,40
Serviced apartment,2628
Services,1211
Services companies,2958
Seventh-day Adventist church,330
Sewage disposal service,1056
Sewage treatment plant,2818
Sewing company,1911
Sewing machine repair service,910
Sewing machine store,911
Sewing shop,912
Sexologist,3045
Sfiha restaurant,3192
Shabu-shabu restaurant,2562
Shared-use commercial kitchen,2754
Sharpening service,2782
Shawarma restaurant,2741
Shed builder,1850
Sheep shearer,2859
Sheepskin and wool products supplier,2289
Sheet metal contractor,1268
Sheet music store,2880
Shelter,2873
Sheltered housing,3129
Shelving store,3040
Sheriff's department,2644
Shipbuilding and repair company,2595
Shipping and mailing,2514
Shipping and mailing service,1210
Shipping company,1618
Shipping equipment industry,3087
Shipping service,272
Shipyard,1021
Shoe factory,1094
Shoe repair shop,2043
Shoe shining service,2044
Shoe store,500
Shooting range,1734
Shop supermarket furniture store,2258
Shopfitter,2888
Shopping mall,403
Short term apartment rental agency,1809
Shower door shop,2491
Showroom,2304
Shredding service,1627
Shrine,2687
Sichuan restaurant,2242
Sicilian restaurant,3177
Siding contractor,186
Sightseeing tour agency,677
Sightseeing Tour Operator,2825
Sign shop,521
Silk plant shop,3247
Silk store,2757
Silversmith,2770
Singaporean restaurant,3327
Singing telegram service,3298
Singles organization,2432
Sixth form college,3036
Skate sharpening service,2573
Skate shop,2853
Skateboard shop,1874
Skatepark,3168
Skeet shooting range,2966
Ski club,161
Ski rental service,3378
Ski repair service,1875
Ski resort,3392
Ski school,3391
Ski shop,1716
Skin care clinic,342
Skin care products vending machine,2302
Skydiving center,3268
Skylight contractor,1563
Sleep clinic,2844
Small appliance repair service,1087
Small claims assistance service,237
Small engine repair service,2148
Small plates restaurant,3003
Smart Car dealer,2886
Smart shop,1566
Smog inspection station,1608
Smoke shop,1413
Smørrebrød store,3426
Snack bar,1250
Snack vending machine,3264
Snow removal service,657
Snowboard shop,1876
Snowmobile dealer,2179
Snowmobile rental service,3004
Soapland,2194
Soba noodle shop,3362
Soccer club,1001
Soccer field,1238
Soccer practice,1402
Soccer store,229
Social club,2057
Social security attorney,1983
Social security office,3120
Social services organization,53
Social welfare center,602
Social worker,263
Societe de Flocage,1881
Sod supplier,703
Sofa store,1381
Soft drinks shop,1612
Softball club,2765
Software company,6
Software training institute,430
Soil testing service,1077
Solar energy company,16
Solar energy equipment supplier,75
Solar energy system service,1564
Solar hot water system supplier,1565
Solar panel maintenance service,2187
Solar photovoltaic power plant,1212
Soul food restaurant,1689
Soup kitchen,2662
Soup restaurant,1459
Soup shop,1460
South American restaurant,3069
South Asian restaurant,1274
South Indian restaurant,2509
Southeast Asian restaurant,1771
Southern Italian restaurant,2758
Southern restaurant (US),1236
Southwestern restaurant (US),2689
Souvenir manufacturer,3412
Souvenir store,1650
Spa,279
Spa and health club,487
Spa garden,2788
Spanish restaurant,1443
Special education school,584
Special educator,2736
Specialized clinic,23
Specialized hospital,1297
Speech pathologist,559
Spice exporter,1897
Spice store,2173
Spice wholesaler,2654
Spices Exporter,3512
Spine surgeon,3114
Spiritist center,1449
Sport tour agency,2410
Sporting goods store,228
Sports,3179
Sports accessories wholesaler,823
Sports activity location,3452
Sports association,2779
Sports bar,482
Sports card store,2989
Sports club,183
Sports complex,662
Sports equipment rental service,2330
Sports management and promotion,3068
Sports massage therapist,541
Sports medicine clinic,441
Sports medicine physician,1692
Sports memorabilia store,2470
Sports nutrition store,2694
Sports school,200
Sportswear store,379
Sportwear manufacturer,110
Spring supplier,1282
Squash club,3326
Sri Lankan restaurant,3018
Stable,884
Stadium,2643
Stage,1229
Stage lighting equipment supplier,3154
Stained glass studio,2091
Stainless steel plant,2648
Stair contractor,304
Stall installation service,2120
Stamp shop,3072
Stand bar,2047
Staple food package,1774
State board school,3175
State government office,2582
State liquor store,3216
State park,2140
State police,2824
Stationery manufacturer,415
Stationery store,416
Stationery wholesaler,2420
Statuary,2939
STD clinic,3455
STD testing service,1522
Steak house,2006
Steel construction company,689
Steel distributor,1579
Steel erector,956
Steel fabricator,708
Steel framework contractor,2542
Steel industry,1397
Steelwork design service,438
Stereo rental store,3223
Stereo repair service,3333
Sticker manufacturer,2031
Stitching class,2461
Stock broker,2484
Stock exchange building,3023
Stone carving,1407
Stone cutter,882
Stone supplier,883
Storage facility,1267
Store,170
Store equipment supplier,1304
Store fixture supplier,2910
Stores and shopping,2444
Structural engineer,1097
Stucco contractor,1844
Student career counseling office,1082
Student dormitory,38
Student housing center,2905
Student union,2430
Students support association,3350
Study at home school,2309
Studying center,2214
Stylist,2260
Subaru dealer,2594
Sugar shack,1451
Sukiyaki and Shabu Shabu restaurant,3575
Summer camp organizer,397
Sunblind supplier,3178
Sundae restaurant,2375
Sunglasses store,501
Sunroom contractor,1948
Super public bath,3242
Superannuation consultant,3121
Supermarket,1193
Supplier,3511
Suppliers,1997
Support group,1110
Surf lifesaving club,2796
Surf school,878
Surf shop,1854
Surgeon,24
Surgical center,914
Surgical oncologist,3380
Surgical products wholesaler,2821
Surgical supply store,2528
Surplus store,1860
Surveyor,849
Sushi restaurant,1147
Sushi takeaway,2641
Suzuki dealer,2943
Suzuki motorcycle dealer,3549
Sweet shop,3493
Sweets and dessert buffet,2523
Swim club,645
Swimming,2485
Swimming facility,3299
Swimming instructor,2361
Swimming lake,3300
Swimming pool,663
Swimming pool contractor,462
Swimming pool repair service,463
Swimming pool supply store,464
Swimming school,585
Swimwear store,1045
Swiss restaurant,3104
Synagogue,2804
Syokudo and Teishoku restaurant,3060
Syrian restaurant,2094
T-shirt store,498
Table tennis club,2163
Tack shop,2036
Taco restaurant,1952
Taekwondo school,903
Tai chi school,1638
Tailor,111
Taiwanese restaurant,3384
Takeout Restaurant,944
Talent agency,981
Tamale shop,904
Tanning salon,826
Tapas bar,871
Tapas restaurant,872
Tatami store,2511
Tattoo and piercing shop,1392
Tattoo artist,994
Tattoo removal service,1936
Tattoo shop,477
Tax,3171
Tax assessor,2918
Tax attorney,1586
Tax consultant,620
Tax department,1247
Tax preparation,456
Tax preparation service,1502
Taxi service,292
Taxicab Stand,1389
Taxidermist,948
Tea and coffee shop,2442
Tea exporter,2581
Tea house,117
Tea manufacturer,1295
Tea market place,1455
Tea store,1296
Tea wholesaler,2443
Teachers college,1494
Technical school,181
Technology park,2601
Teeth whitening service,675
Telecommunications,1842
Telecommunications contractor,2188
Telecommunications engineer,2953
Telecommunications equipment supplier,356
Telecommunications service provider,359
Telemarketing service,2835
Telephone answering service,350
Telephone company,1312
Telephone exchange,254
Television repair service,141
Television studio,709
Temp agency,1558
Tempura restaurant,3531
Tenant ownership,3324
Tennis club,664
Tennis court,665
Tennis instructor,3458
Tennis store,1986
Tent rental service,256
Teppanyaki restaurant,2622
Test preparation center,2463
Tex-Mex restaurant,1806
Textile exporter,1699
Textile merchant,3407
Textile mill,1915
Textiles,2929
Thai massage shop,1848
Thai massage therapist,2834
Thai restaurant,860
Theater company,1204
Theater production,2105
Theater supply store,3203
Theatrical costume supplier,3218
Theme park,2652
Therapists,3453
Thermal baths,320
Thermal power plant,1345
Threads and yarns wholesaler,1475
Thrift store,1067
Ticket office,3444
Tiffin center,2972
Tile cleaning service,1043
Tile contractor,305
Tile manufacturer,2414
Tile store,552
Timeshare agency,2357
Tire repair shop,1720
Tire service,611
Tire shop,520
Title company,384
Toast restaurant,3355
Tobacco shop,629
Tobacco supplier,3162
Tofu restaurant,1993
Toiletries store,2633
Toll station,2354
Toner cartridge supplier,2303
Tongue restaurant,3278
Tool & die shop,2067
Tool manufacturer,3
Tool rental service,1781
Tool store,198
Tool wholesaler,2745
Toolroom,1645
Topography company,2103
Topsoil supplier,1010
Tour agency,35
Tour operator,36
Tourism,2635
Tourist attraction,37
Tourist information center,794
Towing equipment provider,1427
Towing service,81
Townhouse complex,373
Toy library,2651
Toy manufacturer,2676
Toy store,385
Toyota dealer,1991
Tractor dealer,3115
Tractor parts store,3447
Tractor repair shop,833
Trade school,1688
Trading card store,685
Traditional American restaurant,3035
Traditional Kostume store,3492
Traditional market,2921
Trailer dealer,1146
Trailer manufacturer,2388
Trailer rental service,1847
Trailer repair shop,834
Trailer supply store,1142
Train ticket agency,2503
Train ticket office,2164
Training,3258
Training center,470
Training consultant,2204
Training provider,2000
Transcription service,2264
Translation service,877
Transmission shop,899
Transportation escort service,902
Transportation service,293
Travel,3152
Travel agency,32
Travel Agent,1617
Travel clinic,2686
Travel lounge,2995
Travel services,2830
Tree farm,1481
Tree service,118
Trial attorney,790
Triumph motorcycle dealer,3113
Trophy shop,499
Tropical fish store,1886
Truck accessories store,1143
Truck dealer,1616
Truck driving school,2168
Truck farmer,2769
Truck parts supplier,1956
Truck rental agency,2637
Truck repair shop,239
Truck stop,1484
Truck topper supplier,2013
Trucking company,271
Truss manufacturer,2261
Tteokbokki restaurant,3251
Tune up supplier,3211
Turf supplier,1749
Turkish restaurant,2554
Turnery,2969
Tutoring service,410
Tuxedo shop,2421
Two Wheeler Repair Shop,3481
Typing service,1930
Tyre manufacturer,3063
Unagi restaurant,3535
Underwear store,2024
Unemployment office,700
Unfinished furniture store,3506
Uniform store,1364
Unitarian Universalist Church,848
United Church of Canada,2817
United Church of Christ,2583
United Methodist church,1251
Unity church,2991
University,1190
University hospital,684
Upholstery cleaning service,1488
Upholstery shop,867
Urban planning department,2217
Urgent care center,1836
Urologist,739
Urology clinic,3064
Used appliance store,171
Used auto parts store,1787
Used bicycle shop,1970
Used book store,2936
Used car dealer,465
Used clothing store,1350
Used computer store,392
Used furniture store,1767
Used game store,3156
Used motorcycle dealer,2436
Used musical instrument store,1340
Used office furniture store,2225
Used store fixture supplier,3255
Used tire shop,1919
Used truck dealer,1643
Utility contractor,745
Utility trailer dealer,3127
Vacation home rental agency,68
Vacation rental,3187
Vacuum cleaner,2355
Vacuum cleaner repair shop,1834
Vacuum cleaner store,1835
Vacuum cleaning system supplier,3188
Valet parking service,3345
Van rental agency,2137
Vaporizer store,723
Variety store,2285
Vascular surgeon,2626
Vastu consultant,1922
Vegan restaurant,479
Vegetable wholesale market,1255
Vegetable wholesaler,2892
Vegetarian cafe and deli,216
Vegetarian restaurant,167
Vehicle exporter,1764
Vehicle inspection service,1179
Vehicle shipping agent,2323
Vehicle wrapping service,1724
Vending machine supplier,609
Venezuelan restaurant,3336
Ventilating equipment manufacturer,3231
Venture capital company,2108
Veterans organization,1049
Veterinarian,98
Veterinary care,1678
Veterinary pharmacy,3008
Video,2149
Video arcade,1739
Video camera repair service,2666
Video conferencing equipment supplier,3191
Video conferencing service,2041
Video Conferencing Service Provider,3508
Video duplication service,1469
Video editing service,918
Video equipment repair service,2963
Video game rental kiosk,2975
Video game rental store,1697
Video game store,2038
Video karaoke,3370
Video production service,5
Video store,2738
Vietnamese restaurant,1013
Villa,1852
Village hall,1890
Vineyard,695
Vintage clothing store,751
Vinyl sign shop,1523
Violin shop,1916
Virtual office rental,1696
Visa and passport office,2544
Visa consulting service,1050
Visitor center,2055
Vitamin & supplements store,414
Vocal instructor,980
Vocational education,2871
Vocational school,715
Vocational secondary school,3082
Volkswagen dealer,2713
Volleyball club,1880
Volleyball court,3469
Volleyball instructor,3570
Volunteer organization,1225
Waldorf school,2052
Walk-in clinic,1551
Wallpaper installer,1218
Wallpaper store,1965
War museum,2590
Warehouse,508
Warehouse club,2184
Warehouse store,2281
Washer & dryer repair service,2203
Washer & dryer store,172
Waste management service,796
Watch manufacturer,3445
Watch repair service,599
Watch store,1105
Water cooler supplier,2885
Water damage restoration service,637
Water filter supplier,995
Water jet cutting service,2086
Water park,3039
Water pump supplier,1064
Water purification company,996
Water ski shop,2927
Water skiing club,2727
Water skiing instructor,2729
Water skiing service,3241
Water softening equipment supplier,997
Water sports equipment rental service,921
Water tank cleaning service,983
Water testing service,2720
Water treatment plant,1866
Water treatment supplier,344
Water utility company,2828
Water works,1593
Water works equipment supplier,2947
Waterbed store,2540
Waterproofing service,1423
Wax supplier,1314
Waxing hair removal service,554
Weather forecast service,1680
Weaving mill,1557
Web hosting company,174
Website designer,151
Wedding bakery,1058
Wedding buffet,1463
Wedding chapel,2793
Wedding dress rental service,1985
Wedding photographer,112
Wedding planner,485
Wedding portrait studio,3308
Wedding service,203
Wedding souvenir shop,2109
Wedding store,811
Wedding venue,201
Weddings,3395
Weight loss service,149
Weightlifting area,490
Welder,91
Welding gas supplier,3151
Welding supply store,964
Well drilling contractor,924
Wellness center,444
Wellness hotel,1870
Wellness program,150
Wesleyan church,2670
West African restaurant,2282
Western apparel store,27
Western restaurant,2390
Wetland,3518
Whale watching tour agency,3226
Wheel alignment service,900
Wheel store,443
Wheelchair repair service,3476
Wheelchair store,808
Wholesale bakery,1223
Wholesale drugstore,2814
Wholesale florist,2313
Wholesale food store,2266
Wholesale grocer,2549
Wholesale jeweler,2293
Wholesale market,1577
Wholesale plant nursery,1311
Wholesaler,138
Wholesaler household appliances,2383
Wi-Fi spot,2376
Wig shop,1065
Wildlife and safari park,3209
Wildlife park,3245
Wildlife refuge,1871
Wildlife rescue service,3085
Willow basket manufacturer,3009
Wind turbine builder,1729
Window cleaning service,468
Window installation service,817
Window supplier,1466
Window tinting service,1144
Window treatment store,369
Wine bar,873
Wine cellar,841
Wine club,1157
Wine storage facility,842
Wine store,843
Wine wholesaler and importer,2030
Winemaking supply store,838
Winery,844
Wing chun school,2317
Women's clothing store,207
Women's college,3328
Women's health clinic,606
Women's organization,806
Women's personal trainer,984
Women's protection service,2802
Women's shelter,3429
Wood,3089
Wood and laminate flooring supplier,1966
Wood floor installation service,567
Wood floor refinishing service,1121
Wood frame supplier,2397
Wood stove shop,2669
Wood supplier,1266
Wood working class,2322
Woodworker,522
Woodworking supply store,2504
Wool store,2385
Work clothes store,1305
Workers' club,3260
Working women's hostel,2874
Wrestling school,3309
X-ray equipment supplier,1569
X-ray lab,2849
Yacht broker,726
Yacht club,1784
Yakiniku restaurant,1167
Yakitori restaurant,3131
Yarn store,913
Yoga instructor,321
Yoga retreat center,536
Yoga studio,288
Youth care service,3182
Youth center,2382
Youth clothing store,1107
Youth club,509
Youth group,1597
Youth hostel,598
Youth organization,847
Youth social services organization,1573
Zoo,2195
